Content,Video title,Video publish time,Duration,Views,Watch time (hours),Subscribers,Estimated revenue (USD),Impressions,Impressions click-through rate (%)
Total,,,,93046,629.3034,0,61.139,889748,1.58
zRwzHqySsjs,He thought she was coming over… we must stop this #65square #datingsquare #onlinesafety #familguy,"Apr 9, 2025",21,22826,49.6351,1,1.462,287,2.79
O1IOMDkqM9k,"#hankhill knows how to do it -you should too-donate, share or volunteer #helpusdefend #onlinesafety","Apr 6, 2025",31,15515,53.0791,1,2.103,5636,0.57
qYcbmraTsEo,"When you know it’s a cesspool, but you use it anyway- #datingsquare it’s time for better #datingapps","Oct 21, 2024",15,2145,7.7137,2,0.395,574,1.39
UDjlExIjgdU,What if SOCIAL MEDIA protected you? This is why we make #65square - because it don’t - #onlinesafety,"Jul 13, 2025",7,2126,1.9134,1,0.128,3355,3.34
_NW41J-5nHo,Australia's BAN on Social Media is NOT GOOD,"Nov 30, 2024",4681,2001,13.0636,0,3.664,32113,5.07
SlQGEWBci8w,If you need help on #datingapps we’re here to help #datingsquare by @itstimefor65square,"Jun 25, 2025",21,1904,2.5418,0,0.114,157,3.18
B6RXN0JvmKM,Mark thinks it’s good #onlinesafety #markzuckerberg #theovon #helpusdefend @65square_official,"Apr 30, 2025",6,1801,1.9295,0,0.021,162,3.09
IMe-j0YLlFw,Guys: Send her ANYTHING on dating apps lol,"Nov 6, 2024",235,1785,15.9205,4,2.322,49923,1.77
 -Xw3769hNCk,READ: Moby Dick for 9 hours - for the CSA reports on Dating Apps,"May 26, 2024",34513,1498,31.8198,2,3.95,36320,1.56
sq-YQ89txhs,BANNED: Don't do THIS at a park!!,"Dec 2, 2024",170,1491,8.7352,9,1.802,43462,2.59
_VjNrxsfJPo,"#markzuckerberg got you something for Christmas… wait never mind Mark, we don’t want it","Dec 8, 2024",12,1470,4.7703,0,0.273,427,2.34
7OTM0KicBmU,#parents - Protect your lil baby ducks online - our 6 week #onlinesafety course is amazing #sopranos,"May 26, 2025",12,1467,1.8871,3,0.026,142,2.11
U7OPWTnq2xg,He’s down… are you? #onlinesafety #helpusdefend #funny,"Jul 21, 2025",4,1445,1.2131,0,0.128,159,46.54
wIebDob73TI,WHICH WOULD YOU swipe on? #datingsquare is coming for #healthy #onlinedating,"Jul 18, 2025",11,1330,1.9485,1,0.115,372,28.76
7hhkZcdVo20,When it appeared nobody believed it. Then they FLED their way to #65sqan #3dscanning app #3dart,"Jun 3, 2025",26,1309,1.9645,0,0.05,598,0.67
MG3oTXEhimI,Help fill pantries AND hearts: Aug 21/24 - Win a FREE year of Dating Square,"Aug 17, 2024",86,1227,7.2639,0,1.727,46220,1.36
G4cXvFUg93E,Greedy corporations need to squeeze for more profits- never w/ #datingsquare by @65square_official,"May 5, 2025",49,1136,2.3199,0,0.042,868,0.46
Sf2TCCsVPXE,It’s a BIG ask… choose wisely #helpusdefend #onlinesafety,"Jul 19, 2025",15,1128,2.0961,0,0.053,243,28.81
H5K7YcwkXok,Mark and his friends dance while lil ones suffer #parents #parentingtips #onlinesafety #helpusdefend,"Jul 7, 2025",12,1077,1.9929,0,0.129,3994,2.23
2_vPzFbyJns,You won’t believe what this small gadget can do #65square #datingsquare,"Apr 12, 2025",54,1055,2.4652,0,0.032,203,3.45
Cd2dWVTDFaw,Mark Zuckerberg TALKS P*RN & Age Verification!!,"Aug 18, 2024",84,1041,8.2183,0,1.531,19191,1.4
qpx2jbpHj1Y,Calling all NoMAPs #maps #onlinesafety #helpusdefend,"Jun 26, 2025",4,999,0.9485,0,0.087,3660,0.77
OtnqEod6xJ4,Texting with her TEACHER - Forbidden Lesson - Dark Side of the Web (Podcast) S2 E4,"Dec 1, 2024",586,997,27.8547,3,3.269,34254,1.49
2cxDSf15yc4,She FARTS in the car... then this happened... #datingsquare #datingapps #fart,"Feb 23, 2025",26,992,5.6927,1,0.115,4844,0.62
XBzgZMsvVqw,We’re protecting lil ones online - are you helping? #helpusdefend #onlinesafety #parents,"Jul 17, 2025",7,965,1.2309,0,0.086,271,30.63
D9s7yfhVxZQ,Magical Movement Tour - a Non-4k Run! (Trailer) October 1/23,"Sep 9, 2021",172,841,3.962,3,0.969,19418,3.65
jTvuJanpo34,Ad-free all verified 3D socials & dating #65square #onlinesafety,"Jul 9, 2025",6,837,0.8696,0,0.079,1240,7.58
wb8ls3nu5bA,2 hours daily. Then you’re kicked off. World’s healthiest socials #onlinesafety #65square,"Jul 20, 2025",4,754,0.5067,0,0.035,872,2.98
eJ-EVNKl6Bs,Non-4k Run. Oct 1/23. $17k in Prizes to Win,"Sep 14, 2023",48,737,2.6774,4,1.015,12404,4.54
aeBPSt0vf2g,65sqan - Fun & Helpful! Free 3D scanner app.,"May 5, 2024",102,715,7.4393,1,1.997,22246,0.63
znFIRl2VNTk,We’ll do it ourselves… safer #socialmedia and #datingapps with #65square,"Dec 10, 2024",21,624,3.0444,0,0.01,335,0.9
5DzCq6m4SXU,P|MPIN THE KIDS on FlikTok - View Count - Dark Side of the Web (Podcast) S2 E6,"Dec 15, 2024",458,611,6.1709,0,1.045,37975,1.13
8voqpzwHUwY,Saturday nights: spend it protecting yourself online!,"Nov 22, 2024",58,584,2.5986,0,1.05,34643,0.64
wQzY2cy2nY8,She couldn’t believe her eyes #datingsquare #datingapps #onlinesafety,"Oct 2, 2024",61,507,3.4585,0,0.07,121,5.79
VJXh-P6-Xqg,If you’re a #parent you need to watch this… #helpusdefend #telegram #onlinesafety,"Oct 18, 2024",46,506,3.1006,1,0.051,453,1.32
DAChEvlRFXE,One thing could save a life…. Use #65sqan in the upcoming #onlinesafety #3d #sqanvengerhunt Aug 16,"Jun 5, 2025",45,501,0.6636,0,0.026,548,2.01
LTnDrP8dxQM,2 HOURS DAILY THEN YOU'RE COOKED - only with #65square #socialmedia,"Jul 11, 2025",11,397,0.4689,1,0.03,340,6.18
X47aOm1WRvI,She pretended to be FROM MONEY,"Apr 1, 2025",185,394,2.2615,0,0.631,13092,1.86
eF_0M74-UxQ,Adult Content for EVERYONE except...,"Jan 8, 2024",50,358,2.1282,2,0.606,7818,2.78
OlPKZb3mb48,There’s rules for dating?!! #datingsquare #datingapps #datingadvice,"Jul 6, 2025",54,348,0.4888,0,0.014,235,2.13
w-a98CtPyzI,How women find a date 80s vs Today - Part 1,"Feb 24, 2025",58,343,3.3876,0,0.348,11846,1.81
tAQDbX3d49Q,P0RNHub Posted Her NEWDS when she was a K!D,"Dec 18, 2023",9047,326,39.7842,4,1.092,1895,10.92
sOH7U8oXKt4,We are DEFEND... a nonprofit looking to reduce risk for EVERYONE online,"Oct 2, 2024",38,317,2.3081,0,0.389,18202,0.18
exj7YCMU5YY,Trump doesn’t like this one bit #trump #elonmusk #ios,"Feb 26, 2025",29,314,1.6643,0,0.056,168,1.79
dR39qtsWleU,The Office but Online $cammers - Call Center - Dark Side of the Web (Podcast) S2 E2,"Nov 17, 2024",613,236,4.6936,0,0.639,18461,0.8
EReTk2y1to0,What Parents NEED TO KNOW: Omegle,"Apr 21, 2023",537,231,5.3815,2,1.124,3913,1.79
Ve6WdDZWCN0,Tinder COULD HAVE Stopped this Doctor... Instead there were 15 victims,"Feb 19, 2025",215,227,3.6188,0,0.32,7910,1.95
cW5w3U46SFw,This is the old internet #telephonebooth #telephonebook #helpusdefend,"Mar 29, 2025",39,203,0.5542,0,0.019,509,2.16
odqwZOgvA18,Ladies: Maybe you COULD Date these FINE guys (80s vs Today),"Mar 2, 2025",96,203,2.1539,0,0.133,4289,2.77
KXoye-L8uLE,"""Keep your hands above the keyboard"" MUSIC VIDEO about Omegle","Feb 9, 2025",130,179,1.0353,-1,0.378,14304,0.73
7yQJylFoQpY,You must explore this if you care for the people around you… #helpusdefend #onlinesafety,"Jul 8, 2025",14,178,0.2194,0,0.016,110,8.18
G7gBDw9qC34,"Snapchat puts kids age to 15, no matter how young they are!!","Jun 30, 2023",48,177,0.7534,0,0.026,721,5.13
kekMu9GQqc8,DEFEND Annual General Meeting 2024,"Jun 24, 2024",3635,170,19.876,0,0.242,129,3.88
EjtZnKwPYFU,Needed only a few pics to FAKE like SHE committed a crime,"Apr 12, 2025",188,169,1.0861,0,0.238,4445,2.74
vuT-GrEl-7M,Slack - The Basics - Tutorial (March 2025),,832,162,12.7991,2,1.283,2,0
eD3koGFOqZc,He K*LLED his 12yo Daughter's R*pist,"May 30, 2024",215,155,2.1054,0,0.187,7378,1.37
IBZLcpE4l1w,"""If you're NOT a bot (on dating apps), say HI""  - Music Video","Jan 31, 2025",77,152,0.9211,1,0.494,14355,0.49
rB8093HFZ1c,Only if you knew how EASY it is to protect #kids online #onlinesafety #helpusdefend #3dscanning #3d,"Jun 12, 2025",24,152,0.1544,1,0.003,402,1
w_MF74TJ0fQ,Mom DUPED into sending Pics of TEEN Daughter to FAKE MODEL AGENT,"May 16, 2025",177,148,1.2996,0,0.168,4383,2.21
6MVHN5OEXIg,What Parents NEED TO KNOW: Signal Messaging App,"Mar 2, 2024",258,143,2.7458,0,0.549,13355,0.44
XG2-VV-dyxI,THE ONLY WAY you get a date: Women!! (80s vs Present),"Mar 1, 2025",86,143,1.502,0,0.184,8258,1.25
tGGaO5ByvqA,Toronto Randoms Tell Us About Dating Apps (Lisa) 65square,"Aug 22, 2023",232,140,1.5197,1,0.469,7713,1.09
wo6xPuy-Flo,Instagram EXCEPT a 50's Instructional Video,"May 4, 2024",58,140,0.5243,0,0.45,13077,0.62
nlC3hvVte9k,Inside a Skammmmers office... there grows a deep problem #onlinesafety #helpusdefend #65square,"Apr 27, 2025",56,135,0.2382,0,0.005,211,1.9
Jw1eqTk451s,Yoga on a Cliff with Sara - Nature - Yoga - Healthy Parent | Healthy Ch!ld Series - HelpUsDefend,"Sep 23, 2023",649,132,2.5629,0,0.198,9499,0.69
egLhw-ULaZk,This Online Safety Course for PARENTS is a MUST!!! 5 minute excerpt (Instagram Walk Through),"Mar 27, 2025",352,130,3.9036,3,0.402,1242,1.45
RwniHUiJo1Q,DISTURBING: First 10 minutes on Whisper (Anonymous Chat App) - HelpUsDefend,"May 19, 2022",585,128,3.7685,0,0.311,2114,5.01
90z9D6_RqtU,IF Google Street View had baby w/Instagram - all verified socials #65square @itstimefor65square,"Jul 14, 2025",12,124,0.3784,0,0.007,273,3.3
R5s56ouJPrU,65yo Came to Meet TEEN - Pap Squad - Dark Side of the Web (Podcast) S2 E1,"Nov 10, 2024",536,124,3.7075,3,0.339,10441,0.38
4tKdGU8X-bQ,How to select the BEST location for a date,"Jun 19, 2025",42,121,0.1675,0,0.006,473,1.9
dnTkN3qsFyk,Parents: this will have you sleep better at night #onlinesafety #helpusdefend #parentingadvice,"Apr 21, 2025",25,114,0.15,0,0.006,179,1.12
jEWbE0tm-iw,16yo went on ADULT DATING APP Grindr to meet 35yo... She left in a TRUNK.,"Apr 24, 2025",1205,108,4.7934,0,0.429,4924,0.55
AepxtkfTIGA,BANNED: TikTok Sundress Challenge - DEFENDs Bite-Sized Bits,"Nov 18, 2023",170,104,0.7994,0,0.217,879,7.74
58crfWxAa0o,FRAUD ALERT 2025: Grant and Loan Scams to be Aware of,"Jan 8, 2025",246,103,0.5869,1,0.269,16224,0.36
5vktxDFOmj8,Welcome to DEFEND - Greetings from the HR Team - Please watch!,,538,103,10.6486,9,1.09,10,0
hC7EhNvqjBY,The Social Media Blues by the DEFENDers - Music Video - #1 Radio Hit,"Jan 30, 2025",135,102,0.6278,0,0.1,15811,0.37
eQnlxE1-n1I,At least you didn't marry your cousin... Retro Dating Desires vs Humans of Today,"Mar 20, 2025",78,100,0.5086,1,0.199,3057,1.57
pWX2iFtkBrQ,DATING: 90s VS today - Go to the Symphony... OR Str!pClub,"Apr 1, 2025",101,99,0.8264,1,0.295,8128,0.44
0o9oaH0GwxY,How to spot a FAKE Instagram account - 5 RED FLAGS,"Aug 15, 2023",139,95,0.9951,0,0.17,3731,1.69
3x3vL-kBTH0,"Beach Sounds - Ocean Wave Sounds for Sleep, Yoga, Meditation - Healthy Parent/Healthy Ch!ld Series","May 22, 2022",4415,92,1.0336,0,0.042,617,2.27
GT5ZZjrK0qw,What happens when an online PRED is confronted...,"Oct 7, 2024",39,92,0.6841,0,0.315,12805,0.31
L2IHqog1a8M,They're just SMACKING Online Predators,"Apr 2, 2025",1746,88,3.8237,-2,0.327,690,9.42
UdDujcR3nnM,Grading her way to love... the ole fashion way ;) #students #onlinesafety,"Jan 31, 2025",49,88,0.415,0,0.009,345,1.74
MGBvXWf6yFo,World's WORST Pedophile OR World's WORST TV Interview?? @60MinutesAU vs Peter Scully,"Jul 24, 2024",1491,87,4.5095,-1,0.217,1318,5.24
mE64bV0jDEk,"If you know what this is, then you’re ahead of the game #onlinesafety #3dscanning #65sqan #65square","Jun 14, 2025",21,87,0.0947,0,0.004,156,2.56
VOip7wiii4k,All verified 3D socials made by Canadian NPO guarantees safety #onlinesafety #65square,"Jul 9, 2025",6,84,0.0959,0,0.007,140,5.71
gNs86aVdMWs,"""PREDATOR CATCHING"" Groups Must Be Stopped... Dark Side of the Web (Podcast) Season 2 Final Promo","Oct 22, 2024",44,82,0.6753,0,0.158,4730,0.93
3zohIf-6oCw,What Parents NEED TO KNOW: Clubhouse,"Mar 24, 2024",434,80,1.0188,0,0.166,7770,0.58
9cTGSMopa4w,Eva Lovia - Why AGE VERIFICATION online (for adult content) is a GOOD THING,"Jun 19, 2021",122,76,0.365,0,0.001,3488,1.58
5cc5tGsWdzE,BEST Superbowl Ads 2025 - (In under 3 mins),"Feb 6, 2025",175,73,0.9648,0,0.241,13969,0.3
RTT5jIcuov4,These 3 PREDATORS want to SCAM Lawmakers about YOUR KIDS - Fight against age verification on socials,"Feb 26, 2025",368,72,0.7753,0,0.129,10083,0.23
A2GPrNJGhs0,DEFEND Nonprofit - AGM 2025 - Let's reduce risks online for EVERYONE,"Jul 12, 2025",2896,71,10.2185,2,1.242,449,1.56
LXxYZ3acmuo,UPDATE: Augmented Reality INSIDE 65square Social Media App - Test #2 (Website version),"May 13, 2022",57,68,0.6915,0,0.001,26,3.85
oFvqRFXKzeM,SMASHED his head in.... Dark Side of the Web - Season 2 Trailer #1,"Sep 28, 2024",24,68,0.2946,0,0.07,1967,1.68
6Am-R6DBAR4,What is social engineering? How to prevent it?,"Feb 9, 2024",160,67,0.5132,0,0.172,3387,0.62
ltx-cN2u0xM,Send a Mole Rat Instead,"Apr 15, 2024",91,63,1.1346,0,0.125,333,9.61
R7LE9bio-J4,Everyone was STUNNED when #parents hadn’t registered for #wethedefenders #onlinesafety #workshop,"Jun 16, 2025",25,61,0.1988,0,0.004,1186,0.59
oPpDTnbrivY,How a comment on Youtube can SCAM YOU with Crypto,"Feb 18, 2025",240,61,0.7431,0,0.216,4159,0.5
rtw2_eK2KnU,Ex-Toronto Mayor John Tory - Giving Good Info for Dating Apps!?,"Jun 23, 2024",85,61,0.5806,0,0.079,11339,0.13
joEcnjzglOc,She’ll crush you because she’s a #woman get our #3dscanning app #65sqan now by #65square #calgary,"Sep 10, 2024",44,60,0.2904,0,0.006,2771,1.08
9Hbf95t4MMs,Fraud Alert 2025: Merchandise Scams,"Feb 28, 2025",285,58,1.4658,0,0.033,2198,2.14
DwArepnpMd0,Trouble in paradise #ryantrahan #datingapps #datingsquare,"Jun 24, 2025",6,56,0.0776,0,0.006,117,3.42
tG3aSMEm8P8,If thought it couldn’t get any worse… #cybertruck and #tanks in #backtothefuture #ww2 #niagarafalls,"Aug 31, 2024",54,55,0.1608,0,0.008,199,2.01
1NSr4mtECFw,@MDMotivator does this for a living - #exploitation #scam #helpusdefend #mdmotivation,"May 12, 2025",62,54,0.4012,0,0.006,971,2.27
LQoTQ9wnoo0,Her FAVORITE MOVIE IS CRAZY!!  DATING 90s vs Today,"Jun 25, 2025",91,54,0.441,0,0.05,1530,2.09
aVXoLnd9-D4,65square - Annual General Meeting -  Dec 22/24,"Dec 24, 2024",2100,53,3.0964,0,0.439,386,4.15
ixqaNAABxyw,That’s right it’s really cute and cool protecting lil ones online! Thanks #ryantrahan for donation!,"Jun 23, 2025",2,53,0.048,0,0,131,2.29
dhExDITuSVU,#dallas has a BIG problem with this  #onlinesafety #helpusdefend #65square #tarynmanning,"Sep 28, 2024",60,52,0.1805,0,0.008,314,0.96
 -oG5-jCX1Vo,AI stole $25k from this old man,"Mar 1, 2025",123,51,0.9015,0,0.07,1377,1.6
yIMq5ay94sU,"Dirty Video Game Chat - Dark Side of the Web - Episode 1 ""Beta"" - Podcast - HelpUsDefend","Nov 3, 2021",612,49,2.4208,0,0.119,1354,0.74
azBPjxy8cEc,Heidi Cortez: Make it MANDATORY for Age Verification on Social Media!!,"Apr 27, 2021",32,47,0.1948,0,0.014,727,3.99
syTvu7Lrl_Y,These girls LOVE Dating Square by 65square - Randomness in Toronto,"Sep 5, 2023",188,47,1.0967,0,0.263,672,1.04
wLuT9XJ1dmk,A message from Pornhub...,"Dec 18, 2023",93,47,0.3868,0,,371,9.97
NECfRMpnm2Q,She DEFINITELY wants to help protect kids online HIDDEN,"Sep 22, 2024",19,46,0.1847,0,0.012,1120,2.5
hu72QfjXsrQ,Don't raise sheep.,"Apr 16, 2025",23,46,0.2041,0,0.015,306,3.27
yZXSS3PpzJU,Why PORN is DOOMED,"Jun 30, 2025",811,46,0.5781,0,0,645,2.17
WX-6mYiO30M,TikTok Fire Challenge Warning EXTREMELY DANGEROUS Bite-Sized Bits,"Apr 11, 2022",133,45,0.7113,0,0.147,907,2.76
t85Qf2Wwpa0,Dead Guy Turned into AI - Barely Deceased - Dark Side of the Web (Podcast) - S2 E3,"Nov 24, 2024",695,45,0.9111,-1,0.146,4298,0.56
9pcK3m37Xn0,testing mapping / navigation oct 30 2024,,753,43,2.5143,0,0.259,0,
MKdeOs96zDI,HOSPITALIZED because of INSTA - Taryn Manning - Dark Side of the Web - Ep. 13 Podcast - HelpUsDefend,"Feb 13, 2022",669,43,1.587,0,0.022,480,3.33
0RQuGuthDtQ,If this doesn’t scare you not sure what will… #onlinesafety #helpusdefend,"Jun 9, 2025",89,42,0.2762,0,0.001,2356,0.47
zczb802gYdI,How to update our CDM,,1420,41,3.4484,0,0.113,0,
0DCS8P0wwGc,How news people talk during the commercial break - 100% hilarious!!  (REAL from CBC),"May 3, 2024",184,39,0.3025,0,0.1,14189,0.11
4M_its3xE4Y,Full FREE Cybersecurity Workshop - For average home users - HelpUsDefend,"Jun 26, 2025",2741,39,4.773,0,0.262,817,2.94
K3ejVo280Lc,Zuckerburger Tries Apple Vision Pro - K!LLS Kids While Doing It,"Feb 22, 2024",69,38,0.2353,0,0.045,5114,0.22
YM8-qNBYrGc,TEEN goes on a $ugarDady site - SugarBabyz - Dark Side of the Web (Podcast) S2 E8,"Dec 29, 2024",698,38,1.606,0,0.075,1763,1.53
_wuFJUlGyv8,Telling Strangers PICK UP LINES from dating apps - Part 2,"Jul 27, 2024",153,38,0.6531,0,0.078,1505,1.06
b_rlUSSArmc,CEO of Discord doesn’t care,"Feb 1, 2024",50,38,0.2648,0,0.006,423,5.2
tkz4D6p0KpU,HOW TO: TikTok's Parental Controls - Full Explainer,"Aug 6, 2022",311,38,0.7704,0,0.047,531,5.08
FtwEfhV5EG4,He’s got big T!DD!ES?!! Dating app OPENING LINES to Strangers at Superstore,"Aug 14, 2024",264,37,0.9343,0,0.038,1281,1.48
dN4NMmpNETU,Kidnapped because of social media!! Welcome to FaceFriends - Dark Side of the Web (Podcast) S2 E5,"Dec 8, 2024",730,37,1.3954,0,0.109,1181,1.52
CQzhUQMTXdE,Elon Musk vs Sam Altman (Tony and Ezekiel),"Jan 12, 2025",30,35,0.226,-1,0.001,2266,0.75
2OADtG5vWyw,When you realize this... will you stop?,"Jun 23, 2025",12,34,0.0836,-1,0.016,243,6.17
brs9RsFxnBI,80 page ONLINE SCAM PREVENTION Guide is AMAZING!!,"Jul 16, 2025",88,34,0.3155,0,0.224,244,1.64
sM7mzxzoI2o,He knew how to stop it but chose not to #snapchat #helpusdefend #65square Evan Spiegel #onlinesafety,"Jun 14, 2025",23,34,0.1291,0,0.001,1231,0.65
e0hlTOPjjyU,MAPs are born with it??!!!,"Oct 23, 2024",1781,33,2.1175,0,0.115,914,1.75
bhpXhlrIGxs,10-hour Ink-a-Thon!! (Live Stream Event) Saying THANKS to everyone who signed our petition!,"May 9, 2021",42900,32,0.4297,1,0.743,97,7.22
ogICQ03pVYc,Demo of Source Tree and Branching - 65square Teams,,1202,32,2.0777,0,0.242,0,
rdTmTrUrCZc,Vancity Woman Learns DARK SECRET Behind Ryan Reynolds' Dating Apps,"Sep 27, 2023",408,32,1.1981,0,0.065,599,2.5
0H3pbMd16aA,Quentin -  unity search and discovery,,67,31,0.4759,0,0.467,0,
Vla3rvCKits,When the dating scene knocks you on the chin.. knock back #datingsquare is coming soon!!,"May 10, 2025",35,31,0.1276,0,0.003,82,6.1
2T5HQ5EAWZ8,QUICK update on 65square,"Aug 24, 2024",671,30,1.1185,0,0.037,398,3.02
8-hnAnESZn8,When you’re an influencer like #loganpaul and don’t care about others #helpusdefend #podcast,"Oct 18, 2024",57,30,0.1094,0,0.004,323,0.62
f6jRo_XbJRA,They don’t do it to be like cops #parents #cops #protectthechildren,"Nov 11, 2024",47,30,0.1293,0,0.004,401,0.5
3m5Ym8R9x1k,Which one of these guys is a PREDATOR? -- Would you SWIPE? Play the game now!!,"May 23, 2025",115,28,0.5566,0,0.143,222,2.25
9HsDmYCHekM,FREE Cybersecurity Workshop for Businesses/Nonprofits/Charities (SAMPLE CLIPS FROM WORKSHOP),"Jan 2, 2024",105,28,0.426,0,0.012,72,4.17
diqT-bm5wPE,Protecting K!ds Online - 65square - LINKED FRIENDS - Test,"May 5, 2022",102,28,0.5055,1,0.1,66,4.55
7djKzp9zd_E,How your face will PREVENT SCAMS and catfish,"Feb 13, 2025",221,27,0.3815,0,0.145,4778,0.25
KpVK6kon6_c,Can there be normalcy for a MAP?,"Aug 28, 2024",1456,27,0.9149,0,0.034,608,3.13
ZAqgLY4iw5I,65square Team Members - Need your suggestions! Groups,,238,27,0.9702,1,0.045,0,
VYNxKfoCbPA,Aydin Coban: FOUND GUILTY relating to Sextortion of Amanda Todd,"Aug 6, 2022",147,26,0.4039,0,0.024,481,2.7
TF_GC5-TRmE,You’ll NEVER Guess how much carbon TikTok put into the #environment  #65square #tiktokvideo,"Mar 20, 2025",44,25,0.1009,0,0.003,749,1.2
dG38S3xuyfw,They ALL LOST - CSAM Game Show,"Oct 22, 2022",36,25,0.1496,0,0.004,1132,0.88
qnNRzyEYLfU,"December 6, 2024 mirror test",,494,25,0.8888,0,0.083,0,
zPiqIl8_NdM,So you want to MERGE? Watch this first.,,972,25,1.2072,0,0.098,0,
Vub-FyXUUC4,14yo Daughter Posted Herself on #1Fans - Dark Side of the Web - Ep. 3 - Podcast - HelpUsDefend,"Nov 14, 2021",588,24,1.0084,0,0.064,587,2.04
e2ax702M9lY,Robbed guy in wheelchair she Met on Dating App,"Jan 9, 2022",596,24,1.8378,0,0.042,704,2.13
kEKpPf2DHxg,dockerization v1,,411,24,0.9324,1,0.071,0,
v6_JCkWFDBY,If you didn’t know this then you might just be… #helpusdefend #memes #tomscott #onlinesafety,"Mar 13, 2025",52,24,0.1407,0,0.004,202,0.5
vxtp5aMqRF4,William Shatner asked about going after 13yo girls. Something may be WRONG with AI,"Mar 8, 2023",218,24,0.4329,0,0.02,172,8.14
8oHsoveV2BQ,He LOST $2k applying for a job,"Apr 18, 2025",136,23,0.3958,0,0.046,2609,0.42
YM4Nc1jZAF0,MAPs - Is Ready to Glare FAKING it??,"Apr 24, 2024",2140,23,1.486,0,0.044,477,2.94
Zt9umpaIAGM,How to make a BLOODY FACEBOOK!!! Easy recipe,"Apr 27, 2025",67,23,0.2201,1,0.028,878,1.71
cXwlnGUeLIY,You can scan your grandma with this and she’ll love you #lastofus #65sqan #65square #ellieandjoel,"Apr 21, 2025",21,23,0.0708,0,0.002,130,4.62
kahmqAwhH4M,The Office if it was a scammer call center - #helpusdefend #theoffice,"Jul 10, 2025",15,23,0.0378,0,0.001,167,0.6
szPPso3DJwQ,Omegle is dead!! #savethekids #omegle #onlinesafety,"Nov 10, 2023",40,23,0.0689,0,0.005,232,5.6
Rnwm2TZKO-Q,Trump asks for TikTok to stay?! Dark Side of the Web Podcast - Special episode w/ Producers & Actors,"Dec 30, 2024",3410,22,0.8449,0,0.027,614,2.61
u_8dJFgpw-U,Module 5 - Blind Match - Jan 2024 Build,,168,22,0.7594,-1,0.039,0,
0DdcaDnsuNU,How to Build a Social Media App!!! 65square update - Sept 30/24,"Oct 1, 2024",1336,21,0.2527,0,0.009,503,2.19
8fveXdjVj_U,SNL's Chris Kattan: Thanks to ALL who signed the DEFEND petition!,"Apr 28, 2021",38,21,0.1105,0,0.019,535,2.62
8kYL5hQMAfU,"Top 5 MOST DANGEROUS TikTok ""Challenges""","Sep 9, 2024",268,21,0.3128,0,0.072,720,2.36
CtCFOqM7c5I,She stood him up at the airport... because it was a SCAM,"Apr 25, 2025",173,21,0.6024,0,0.035,303,1.98
FWwzS2uocrQ,Uber Driver HEARD and SAW everything... 90's dating vs Today,"May 18, 2025",38,21,0.1426,0,0.012,387,2.33
SiYfiSbm9Dk,Men who call themselves NoMAPs... (Review),"May 29, 2024",1621,21,2.1129,0,0.094,213,7.51
sTU0WtbpmIw,What's REALLY in Meta's Terms of Service - DEFEND's Deep Dive,"Nov 9, 2022",1361,21,2.0394,1,0.066,197,5.08
vtUcMrJzKLM,"Swallow a Battery Challenge - Dark Side of the Web - Ep. 2 ""Battery Aziz"" - Podcast - HelpUsDefend","Nov 7, 2021",596,21,0.5807,0,0.04,619,1.78
OsVLEMvokCQ,"LGBT Community: MAPs Don't Want to be ""Let In"" - They're Already ""In"" - Response to ThisBahamianGyal","May 1, 2024",2856,20,0.0493,0,0,598,2.51
Q9WPjCXP9Ms,ERODING section 230 'Rights' of Social Media Companies!!!,"Sep 1, 2024",358,20,0.4536,0,0.034,608,2.8
lq6k92EynaE,How to make a Twitter storm!!! Best drink for EXTREME GOOD TIMES at the Capitol!,"Mar 31, 2025",43,20,0.1518,0,0.023,527,1.9
4VPtzy3_ez8,Module 1 - Sign up/Login services - Dating Square - Jan 2024 Build #2,,342,19,0.827,2,1.204,0,
9tSCN7LKm-g,"Online / phone scams TIPS TO PROTECT YOURSELF - From Jim Browning,  Kitboga and Pleasant Green","Mar 22, 2025",61,19,0.183,0,0.055,404,3.22
EPYJDtVFzhs,OnlineMapsV3 for Unity - Jul 4/24,,144,19,0.4636,0,0.178,0,
Hoc8Nesrcgs,NY Times Best Seller Cheryl Strayed wants to help DEFEND kids online!!,"Feb 26, 2025",102,19,0.129,0,0.027,1123,0.71
I-5CkYQcFho,Workshop - Week 4 FINAL,,3642,19,2.2812,0,0.089,0,
PpnHr7r8Wzk,PARENTS NEEDED for workshop test group!!,"Dec 29, 2024",66,19,0.149,0,0.123,484,2.69
RFMsRsbBLAw,What Parents NEED TO KNOW: Netflix,"Mar 22, 2023",323,19,0.5166,0,0.023,480,2.29
XsA3gxzi4L0,Blackout Challenge was VERY real and has taken lives...,"May 30, 2025",155,19,0.2887,-1,0.048,347,3.17
hIT8FBM8Soc,Does Chris Hansen want to actually help DEFEND kids online?,"Feb 15, 2025",288,19,0.3039,0,0.026,323,2.48
yszYQZEEwjo,Can't Look Away (Documentary) - Clips EVERY Parent Must See - Social media safety risks for Kids,"Jul 13, 2025",450,19,0.715,0,0.053,281,2.14
4muJYq4MmP8,"Child S(e)x Abuse Reports on ""TOP"" SOCIAL MEDIA Platforms (2019-2023)","Apr 16, 2025",133,18,0.3321,0,0.025,411,2.43
DGutJ6TCgcM,What happens in our MAPs Support Group?,"Jul 2, 2024",556,18,0.5042,0,0.041,296,4.39
F2QthwvO2wM,"August 24, 2024",,35,18,0.149,0,0,1,0
abnbmObfep0,Jordan DeMay was SEXTORTED in 6 hours. We can STOP THIS.,"May 20, 2025",130,18,0.2489,0,0.027,352,3.13
 -U8VkqERLNE,She wants to ignore the problem but they’ll keep coming #onlinesafety #helpusdefend #puppies,"May 10, 2025",15,17,0.0349,0,0.002,92,2.17
9q8UuruimJY,"Billie Eilish: P0RRN ""DESTROYED"" MY BRAIN - HelpUsDefend","Dec 28, 2021",268,17,0.1887,0,0.016,184,4.35
DcPZsFRNTbQ,groups fss - Jan 1 2025,,655,17,0.6128,0,0.075,0,
NaFTwROHMog,She found a video of herself on a XXX Site,"Dec 23, 2023",94,17,0.2096,0,,185,5.95
PKm5QUM-Qfk,Online is F*cked up... especially for kids,"Apr 30, 2025",32,17,0.1186,0,0.022,306,2.94
PqcIurnNjzE,How Tinder and Hinge HELP PREDATORS find KIDS & SINGLE MOMS,"Apr 10, 2025",355,17,0.5318,0,0.086,512,1.76
ZRYlTP8HfoY,All verified 3D Blind Dating on #datingsquare to help protect others online #datingapps,"Jul 10, 2025",3,17,0.0088,0,,124,0
e6v_guLImMQ,5 minute workshop sample! We the Defenders (Website version),,352,17,0.3771,0,0.034,0,
lYRZ3H3dHmI,12 Things You NEED TO KNOW about Online Scams,"Mar 10, 2025",432,17,0.5692,0,0.062,1228,0.9
nIV2l6i3_-I,Airtags are VERY Dangerous & here's why - Bite Sized Bits - #9 - HelpUsDefend,"Jan 5, 2022",182,17,0.3708,0,0.046,775,1.29
qGpSKVfPlfU,FRAUD ALERT 2025: Investment Scams,"Feb 23, 2025",380,17,0.3185,0,0.058,654,1.53
qr92pqTp1XI,first match in the system!!,,66,17,0.2485,0,0.087,0,
rt4Tn8T2uwk,Aug 15/24 flutter business app walkthrough,,2246,17,1.7699,0,0.102,0,
tL5VL0AdCmE,We downloaded our Data from Instagram!!,"Nov 28, 2024",236,17,0.3109,0,0.015,610,1.48
uXj7hRMc7pk,Babysitter Workin' for Dark Web - Dark Side of the Web - Ep. 11 - Podcast - HelpUsDefend,"Jan 31, 2022",574,17,0.9306,0,0.062,202,4.95
yUTPeLw6Ryw,FRAUD ALERT 2025: Romance Scams to be Aware of,"Feb 13, 2025",69,17,0.1692,0,0.049,307,3.91
 -A5e7ABy4f0,She became a MONEY MULE and didn't know it,"Jun 16, 2025",181,16,0.2969,0,0.048,268,2.61
5ENnQEb2IGE,MEN: Is this PICKLE small? DATING 90s vs Today,"Jul 4, 2025",154,16,0.3563,-1,0.082,313,2.56
9ocxrps7hT0,#songs of #datingapps brought to you by #datingsquare by @65square_official,"Sep 26, 2024",34,16,0.0783,0,0.003,160,1.88
B6GQH4CH4zA,Parents Beware: First 5 minutes of signing up on Snapchat as 15yo - DISTURBING!!,"May 17, 2022",250,16,0.471,1,0.014,559,1.79
Fde25JKOic0,She used them all  #onlinedating #vancouver,"Sep 27, 2023",59,16,0.0956,0,0.002,197,6.09
G9KaTvC9HCs,Big Sister Abby - 5 tips to Keep Kids Safer on Social Media,"Aug 23, 2022",274,16,0.5847,0,0.102,568,1.76
MN4JjAInKCE,"What Parents Need to Know: Emojis, Drug Terms & Text Slang","Sep 4, 2023",1531,16,1.5263,0,0.048,125,4.8
OWomO810qPE,week 1 draft,,3339,16,2.4691,0,0.157,0,
Qv42UQB7G-w,3 SIMPLE Tips to Keep Kids SAFER Online NOW - HelpUsDefend,"Nov 2, 2022",145,16,0.4375,0,0.077,161,3.11
bjOl53qs7WY,When you run out of LIKES on Hinge,"Jul 15, 2025",39,16,0.0865,0,0.027,194,2.06
dYJICk68OKY,Dark Side of The Web - Podcast - Narrow Body - HelpUsDefend (COMMENTARY VERSION),"Aug 30, 2023",861,16,0.2823,1,0.031,526,1.71
tVxsR9J2zCY,Weight Loss Fad Causes More Bad Than Good  - Dark Side of the Web - Ep. 12 - Podcast - HelpUsDefend,"Feb 6, 2022",795,16,1.0323,0,0.052,325,2.77
A3SUIHBgl0Q,BEST 5 RULES for First Dates (Where to meet),"Jul 16, 2025",222,15,0.2459,0,0.031,298,1.68
BgK-Q33Y5jU,How to Spot Fake News - Tips - HelpUsDefend,"Sep 12, 2022",147,15,0.163,0,0.003,114,6.14
Kfjc2v2M7UI,Her naughty PICS were LEAKED but they weren't her... Digital Danger Diaries,"Jun 1, 2025",134,15,0.2284,0,0.095,323,2.79
TLV4z4z9C2M,What Parents NEED TO KNOW: Minecraft,"Sep 8, 2023",478,15,0.3346,0,0.016,108,5.56
e_fYLCnRvD8,18yo & 22yo Girls - Feedback/Research for Dating Square - Raw Footage,"Jul 13, 2024",579,15,0.1581,0,0.009,340,2.94
eowXUolXSJQ,Pretended to be his SON to get close to TEEN GIRL,"May 10, 2025",104,15,0.2645,0,0.016,308,2.6
vWdUflnFKys,Data coming from a PASSPORT when you sign up for 65square - Sep 8/24 Update!!,"Sep 9, 2024",976,15,0.4813,0,0.026,1051,0.86
0MmRcLKXSjw,Her Online Therapist was a Scammer,"Jun 12, 2025",165,14,0.3279,0,0.043,287,3.48
5N9q9RRZVTk,65square Demo/Promo (2021),"May 11, 2021",274,14,0.258,0,,9,11.11
8D8S0BlJk_o,What Parents NEED TO KNOW: Discord,"Dec 15, 2023",347,14,0.3637,0,0.048,369,2.71
KJ9YfX1VS6o,"What Parents NEED TO KNOW: App Formerly Known as Twitter (Now: ""X"") Risks Breakdown","Aug 14, 2023",584,14,0.5615,0,0.002,117,7.69
NZFz0kO3trg,FIRST Creator REVIEW of Dating Square by @65square_official  (Beta),"Jul 22, 2023",113,14,0.1788,0,0.021,164,7.32
XHtyoM9FoYQ,Lily pads - Chat Park - Animation / 3D models - Demo - May 2024,,71,14,0.1201,0,0.156,0,
XR7cQo0BZPk,They'll GET your kids. Stop them with this NOW,"Mar 23, 2025",23,14,0.0663,0,0.019,351,1.99
XWKwTMUQ470,Zuckerberg: I think social media is GREAT!,"May 1, 2025",133,14,0.2292,0,0.021,319,2.51
aMKj5JO745M,Module 4 - Chat / Games - Dating Square - Build Jan 2024,,457,14,1.0878,0,0.024,0,
itTVbkFm8cg,Aug 24/24 mirror issues #2,,233,14,0.3156,0,0.098,0,
jN19-VCUXS4,Kim K's Workouts on Socials are DANGEROUS- Bite-Sized Bits #10 - Social Media Celebrity Scam!,"Mar 26, 2022",239,14,0.3933,0,0.003,1386,0.58
wmCVwvnsJDA,Stupid guy lost MILLIONS in Crypto because this,"Jun 3, 2025",137,14,0.2285,0,0.091,341,2.35
G8vzIRbaw7g,Cartman just wants to meet friends. #southparkclt #helpusdefend #onlinesafety,"Apr 11, 2025",39,13,0.0941,0,0.001,99,5.05
JHM7CPp8niY,Outstanding UI issues with Dating Square,,1131,13,1.0533,0,0.085,0,
R-SRpDgnh50,GIRLS: These guys will have you DROOLING,"Mar 25, 2025",85,13,0.1759,0,0.055,645,1.09
S7yQ00JG32g,Module 3 - Swipe - Dating Square - Jan 2024 Build,,287,13,0.7154,0,0.008,0,
aLBX7eZgjoI,TikTok & Youtube Star Peter Chao wants to help DEFEND kids online!!,"Feb 21, 2025",257,13,0.127,0,0.022,377,3.18
fB0QtlUf6Vs,$cammed from Online Concert - The Agent - Dark Side of the Web (Podcast) S2 E7,"Dec 22, 2024",578,13,0.4003,0,0.031,705,1.42
fTOLZmocZyY,Dating TODAY vs 90s... Nothing is different?,"May 22, 2025",96,13,0.2238,0,0.016,381,1.57
gYX74x4Lw5k,@ncmec 2024 CSA Reports from Tech Companies are in... and it's BAD,"May 7, 2025",436,13,0.5417,0,0.054,274,2.55
geDbZUkcypE,3D Scan your artwork at home with 65sqan,"May 13, 2024",77,13,0.1628,0,0.013,129,1.55
k49T9_DVx9E,BRB on Monkey App,"May 25, 2024",386,13,0.2909,1,0.028,719,0.7
nuzMkO0ozco,Support Team - Training Role Play #2,,734,13,1.4542,0,0.021,0,
pQcKswo3L-A,Put your little cream in a cup and join the #3d SqanVenger Hunt Aug 6/25 - #3dscanning #65sqan,"Jun 9, 2025",21,13,0.0398,0,0.001,180,1.67
pR7kOBHXWSk,14yo Tries Out Adult Dating Site - Dark Side of the Web - Ep. 4 - Podcast - HelpUsDefend,"Nov 21, 2021",897,13,0.4748,0,0,903,0.66
qHSlqkrdaWI,Augmented Reality Online Shopping Standard for all businesses? 65square is coming!,"Dec 3, 2021",44,13,0.0299,0,0.011,479,1.46
vBDu9t4M2yo,Cae - storage -apk testing Jan 1/23,,1363,13,1.6361,0,0.071,0,
2ZnuESFNrJM,HEY!!! Australia - Message us if you wanna PROTECT KIDS ONLINE,"May 25, 2025",54,12,0.0982,0,0.007,290,2.76
6_ufb2WhB80,Sadly 95% of parents will fail...,"Mar 7, 2025",52,12,0.0964,0,0.022,778,0.64
71TITUYT5QQ,The ONLY way a woman can procreate: DATING 90s vs Today,"Jul 7, 2025",91,12,0.1343,0,0.071,319,2.19
7uHkr_I5T-U,Everyone deserves SUPPORT: Even P3DOPH!LES - Call in!!,"Mar 27, 2024",2395,12,0.4028,0,0.003,429,0.7
PcO5NJwpx2M,Colin Mochrie SINGS to help DEFEND kids online!!,"Feb 15, 2025",107,12,0.177,0,0.025,302,2.32
QiKQfV6ogJs,Demo Account Sign up - 65square (No Narration) - DRAFT,,123,12,0.2132,0,0.082,0,
TzyArxmm_bc,FRAUD ALERT 2025: Subscription Scams,"Mar 12, 2025",167,12,0.1156,0,0.016,256,3.13
U2noP12MMWE,What Parents NEED TO KNOW: Facebook,"Nov 3, 2023",439,12,0.3654,0,0.011,89,2.25
U4DYuAK90yY,PREDATOR in the VIDEO GAME,"Apr 24, 2025",126,12,0.2424,0,0.019,306,2.94
WH2nNQYV8qQ,How to tell if someone is using a texting app? (Like Scammers),"Jul 21, 2022",245,12,0.3334,0,0.05,105,7.62
ahMZmpuiLiY,Privacy RISK!!! Exploring insecure seurity cameras from around the world!!,"Feb 16, 2025",2361,12,0.4206,0,0.013,487,2.05
bKDJWTwlUR0,Dating in the 90s vs Today,"May 1, 2025",148,12,0.3221,0,0.055,566,1.06
dZtTBV5BcQM,Dating Square:  First steps...First messages (May 14 2025),,521,12,0.2096,0,0.051,0,
jrbYYkDO3Pg,Morgan LOVES Dating Square by 65square,"Sep 3, 2023",185,12,0.2108,0,0.01,154,5.84
qPjcqAktOZY,DEFEND - Chair a Meeting - Training Video,,293,12,0.5635,0,0.059,0,
rEV70jivEBQ,Mom Finds Dirty Sites on 11yo's Tablet - Dark Side of the Web - Ep. 5 - Podcast - HelpUsDefend,"Nov 28, 2021",655,12,0.6685,0,0.022,195,3.59
uyQ6dy_OAv4,testing oct 22 2024 part 1 - timer and reports,,917,12,0.8241,0,0.013,0,
2B73V4zZu2Y,Help for PARENTS to PROTECT your kid online!!,"May 8, 2025",67,11,0.1061,0,0.01,275,1.82
6Sn3rUQsFWw,"He doesn't NEED to date you girls... doesn't need to ""date"" anything that moves (80s vs Today)","Mar 9, 2025",116,11,0.1827,0,0.011,478,1.26
7DoSfuyNFSc,MySQL setup of Redis on Docker - Read description for more (Youcef) - Sys Admin,,781,11,0.4117,1,0.163,0,
CMxBlAyaSSg,What Parents NEED TO KNOW: TINDER (or other dating apps),"Feb 12, 2023",328,11,0.5188,0,0.017,228,2.63
FIprHb7z5y4,David - Testing - AR car racing game for 65square,,56,11,0.1291,0,0.002,1,0
QkMyMm0mz8w,Win this DJI drone!!! Protecting K|DS Online!!,"May 24, 2025",217,11,0.3083,0,0.029,338,1.48
cZaf259YoYM,DEFEND's Annual General Meeting (AGM) 2023 - Help us protect kids online!!  HelpUsDefend,"Jun 26, 2023",4196,11,0.9786,1,0.023,132,6.82
is7s3x4zv1Y,65square - Passport scanning Flow - NFC - on android - Successful scan,,66,11,0.1221,0,0.017,0,
nrkGBKU2QAs,He wants to EAT YA!!  Dating 90's vs Today,"Apr 17, 2025",104,11,0.2247,0,0.009,1121,0.45
t14j6t9WwB4,Kid Chats with Email 'Prince' - Dark Side of the Web - Ep. 6 - Podcast - HelpUsDefend,"Dec 5, 2021",637,11,0.7528,1,0.001,175,2.86
w107ImP0M_4,week 5   FINAL,,3341,11,0.6823,0,0.014,0,
wp5PwPplNDU,How many baes? How many times is The Bay said in this video?,"Jun 28, 2025",18,11,0.0388,0,0.015,242,1.24
zeM9l9lTROo,Support Team - Training Role Play #1,,704,11,0.9053,0,0.046,0,
zzDPQSfAAdM,HOW TO: Prevent Exposure to Extremism or Radicalization Content - Reduce Risk for your Kids,"Apr 22, 2025",164,11,0.1446,0,0.009,294,1.7
-7_F6awA75Q,SCARY Ransomware & Cybersecurity Risks to be aware of (2025),"Mar 16, 2025",242,10,0.2134,0,0.033,340,2.06
44FTclPDM_g,brian   home interior   65square   development May 2022,,53,10,0.1274,0,0.024,0,
Abl0dPto6dg,Issues with swipe mar 22 2025,,541,10,0.3786,0,0.009,0,
Juq0iu8Z3NI,alex swipe issues feb 10 2025,,3351,10,1.6758,0,0.012,0,
K7yFkwsKNEg,WOMEN: Who'd you rather?  DATING: 90s vs Today,"May 25, 2025",94,10,0.1654,0,0.038,433,0.92
NYhKQJYqpw8,Did your grandma get #scammed online? #onlinesafety,"Jun 8, 2024",58,10,0.0302,0,0.001,91,2.2
OYCNkKc90PI,Week 3   Workshop   FINAL,,3388,10,0.7427,0,,0,
RwUto3TteCA,Dangerous: AI voice replication is CRAZY.  Listen to Trump's voice,"Mar 11, 2025",489,10,0.3072,0,0.025,295,2.37
XTNE4PwZCAg,What Parents NEED TO KNOW: HiPal,"May 28, 2024",322,10,0.2107,0,0.028,572,1.05
ZO7G4BmWnPA,Did this 15yo go live with #predators ? If you’ve seen her in #vegas or #utah call #police,"May 26, 2025",143,10,0.1768,0,0.001,129,1.55
ZiBSYUPCugw,Feb 16/24 Build - Flutter APK Walkthrough - Business App,,3750,10,1.4237,0,0.057,0,
arWrJ1r52SI,What Parents NEED TO KNOW: Telegram,"Dec 3, 2023",350,10,0.277,0,0.008,101,3.96
gRRDyp7bscA,Senate hearings on social media safety - Jason Citron from Discord gives Opening Statement - Part 2,"Jan 31, 2024",326,10,0.2213,0,0.002,143,6.99
2JRJk4J4H9A,She’s HAD IT w/ social media… so she signed up for “We the Defenders” 6 week parent  #onlinesafety,"May 26, 2025",27,9,0.0263,0,0.001,138,0.72
7AsqFGXsZZE,What is the SKULLBREAKER challenge? *Dangerous* Bite-Sized Bits (#6),"Aug 17, 2021",200,9,0.0726,0,,265,3.4
CYrqFuVanks,First 5 minutes on: HiPal - Very Dangerous - PARENTS BEWARE!!,"Dec 31, 2022",201,9,0.3228,0,0.012,150,4
CZCMw_JlHBo,6 feet under for MAPs? Or Forever in Jail? - HelpUsDefend,"Dec 18, 2022",382,9,0.2437,0,0.003,114,5.26
DZ6lBjx37jk,Care about the #environment ? Or just addicted to #socialmedia ?,"Jun 1, 2024",18,9,0.0838,0,0,113,2.65
FOI3l3fVECg,First 5 Minutes On: Hive Social,"Nov 24, 2022",212,9,0.249,0,0.004,196,3.57
IpQLliTO1tY,What Parents NEED TO KNOW: Youtube Kids,"May 19, 2024",428,9,0.1598,0,0.004,153,1.31
K2tlXXY_WPg,Online Stalker Gains Access to Teen Girl - Dark Side of the Web - Ep. 9 - Podcast - HelpUsDefend,"Jan 18, 2022",642,9,0.8741,0,0.008,239,1.67
OVffmGCZdHA,Dating Apps in the 80s be like...,"Mar 13, 2025",111,9,0.1159,0,0.014,440,1.36
PYEpwk1d7Lw,Private for Apple issues in TestFlight mar 27 2025,,250,9,0.1339,0,0.01,0,
QIpD_VjVPiI,Charity and Donation Scams to look out for (2025),"Apr 14, 2025",79,9,0.0861,0,0.018,442,1.81
YGvdbPEdjg0,Jan 17/25 apk business app initial testing & walkthrough,,2617,9,1.1696,0,0.023,0,
YjFQSm-eB-Q,When they'll wear a condom... DATING 90s vs Today,"Jun 29, 2025",123,9,0.1798,0,0.032,283,1.41
ZbUewHKj1Lc,Module 6 - Jan 2024 Build - Dating Square - Reports/Messaging,,372,9,0.5291,0,,0,
dCPBPiRCQas,Wow...,"May 18, 2024",16,9,0.0258,0,0.009,481,1.04
fGoM34tPk1U,6 MAJOR RISKS for your Child on the Wink App - Let's Take a Look (App Rundown),"Mar 16, 2022",1653,9,0.7772,0,0.025,224,2.68
i5WjAJRqgQU,What Parents NEED TO KNOW: TikTok,"Dec 24, 2022",395,9,0.6217,0,0.006,151,3.31
iyMvE-Pal5g,Sleepover turns BAD on Snowmegle - Dark Side of the Web - Ep. 7 - Podcast - HelpUsDefend,"Dec 12, 2021",690,9,0.4513,0,0.007,142,1.41
mIcKNP_7QWQ,View Count Draft 1 vid Audio Aug26 24,,453,9,0.4935,0,0.036,0,
ntmhudW5fRw,What Parents NEED TO KNOW: Chatroulette,"Aug 15, 2023",340,9,0.2653,0,0.002,103,6.8
sqUS7ZWhGG8,Sadly 95% of parents will fail...    (Website version),,52,9,0.0808,0,,0,
wPQyOFReCvM,2023 NCMEC Ch!ld S3X Abuse Reports Online / Social Media (Raw Data),"Apr 22, 2024",504,9,0.3303,0,0,143,5.59
1mOmVHQ9KtA,Module 2 - Location settings / Profile Setup - Jan 2024 Build - Dating Square,,600,8,0.962,0,0.085,0,
2KSmWwrYx-A,Dad Describes How 12yo Daughter was GR00MED Online - DEFEND Shorts,"Nov 17, 2022",157,8,0.1005,0,0.023,99,1.01
4G1p3TMW_R0,groups update nov 17 2024,,289,8,0.3151,0,0.024,0,
6Gf4An20pP0,Re-deployment of containers to cluster - Kubernetes - Feb 2 2025 with Harry - Sys Admin 65square,,1679,8,0.6898,0,0.024,0,
8F0qmM20VAU,What Parents NEED TO KNOW: WhatsApp,"Apr 20, 2024",439,8,0.3533,0,0.013,373,1.07
BDrDb_SxgRQ,She fell in love with his bony jokes #song #music #breakupsong #65sqan,"Oct 2, 2024",34,8,0.039,0,0.001,172,0.58
BnItAWp4_q8,You'll look for it too... The world's BEST dating app,,12,8,0.041,0,,0,
PL6XfW8CcAk,What is Sexting? Bite-Sized Bits (#7),"Sep 7, 2021",180,8,0.1293,0,0.007,130,6.15
QvNcXt0APDE,dec 16 unity profile errors,,347,8,0.4929,0,0.014,0,
h8GLqY3wbZg,PREVIEW: Dark Side of the Web - Podcast - Starts October 31 - HelpUsDefend,"Oct 25, 2021",75,8,0.0743,0,0.01,107,4.67
iTSTgAfyX4Y,Flutter Team Aug 11 2024 - Discussion re: Map Requirements,,880,8,0.8399,0,0.292,0,
lThbrVeIwa4,6 RED FLAGS to spot ROMANCE SCAMMERS,"Sep 28, 2023",252,8,0.2261,0,0.001,562,0.71
nmcV0qWL35A,65sqan - Test globe April 28/24 #3d #3dscan #3dscanning,"Apr 28, 2024",13,8,0.0195,0,0.001,491,0.61
ooArCsVjSv4,Beware of this Elon Musk AI Youtube Ad Scam!!,"Feb 24, 2022",203,8,0.0854,0,0.005,149,4.03
rU11RUI1VIA,We the Defenders - Parent Workshop - Excerpt from Week 3,"Jul 16, 2025",168,8,0.0705,0,0.01,168,1.79
x_sGyl5KNUI,What Parents NEED TO KNOW: Reddit,"Aug 15, 2023",428,8,0.2879,0,0.027,108,5.56
51Zp3m1okE0,What Parents NEED TO KNOW:  FaceApp,"Feb 24, 2023",471,7,0.2868,0,0.003,126,4.76
6_Yra-xlhW4,How YOU can Help Protect K!ds Online,"Sep 27, 2022",156,7,0.0943,0,,119,4.2
AXQHToPhwDo,user 1 drawing sep 2/24,,86,7,0.1787,0,0.006,0,
C-z5jLOEuvI,What Parents NEED TO KNOW: Messenger (Facebook) Meta,"Nov 12, 2023",431,7,0.2976,0,0.006,86,4.65
IGZjNl4gc1U,7 Things You Should NEVER Google,"Sep 20, 2022",358,7,0.2138,0,0.007,83,2.41
IJQ7CiBfFto,user 1 chess sept 2/24,,158,7,0.2558,0,0.003,0,
JE8H_Dx512E,Upload images issue may 10 2025,,341,7,0.1695,0,0.004,0,
LFuKpzJ7sYc,FRAUD ALERT 2025: Card Not Present Scams,"Feb 9, 2025",65,7,0.0657,0,0.019,303,1.65
Ouy7aYcDPpo,Errors with mirror Jan 6/25,,1145,7,0.3158,0,0.008,0,
P0NtPTD-KnI,Dating Square is HERE!! Safer CATFISH-FREE 3D Blind Dating!!!,,27,7,0.0502,0,,0,
UH5vKi79Z_Y,Why you should volunteer with DEFEND,"Feb 15, 2025",845,7,0.0786,0,0.002,156,3.21
ZCAz2VYT5Uk,PREDATOR Got Pics of 13yo from PARENTS??!!,"Aug 4, 2022",152,7,0.221,0,0.001,80,1.25
ahE8ZvHo9Cw,oct 13 2024 build apk,,695,7,0.2943,0,0.007,0,
lZoVRFPMV4I,errors with profile (GET for different user) nov 6 2024,,1801,7,1.2432,0,0.02,0,
ouB2RMyUv5U,One step closer to MANDATORY Social Media Literacy Classes in Alberta!!,"Feb 25, 2025",260,7,0.0845,0,0.013,419,0.95
rNVkR41Ae5g,Parents: Manage Kids' Screen Time - Doctor Tips - American Academy of Child & Adolescent Psychiatry,"Nov 17, 2023",285,7,0.1363,0,0,66,4.55
wBy2draWYU4,weird issues with private game room UI lingering after close,,200,7,0.0951,0,0.012,0,
yVjMU_hL3-I,"Waterloo, Ontario - Find this cash!","May 17, 2022",42,7,0.0241,0,0.001,233,0.86
znncwntIrDk,I’ve had it with these #snakes #tanks on #planes,"Oct 2, 2024",7,7,0.0128,0,0,203,0.49
 -R5cJfHrnK8,Her kid found her inappropriate content on #roblox -we can stop this #helpusdefend #onlinesafety,"May 11, 2025",59,6,0.0359,0,0.001,87,1.15
6piJBy-VX5I,Strategic Planning Meeting - Committee Board   Nov 3 2024,,6659,6,0.5344,0,,0,
8_XqBd3F_LI,profile issues dec 6 2024,,405,6,0.2989,0,0.008,0,
CbxtON5fZ28,Get em!,"May 20, 2024",30,6,0.0283,0,,142,3.52
DamX-t3zdAs,Intro Title: Dark Side of the Web,"May 22, 2024",38,6,0.0166,0,0,42,2.38
FSHFJoPYlas,Nobody will EVER know.,"Jun 8, 2021",29,6,0.0298,0,,42,0
H2v5ZHqcWJI,What Parents NEED TO KNOW: Instagram,"Jan 25, 2024",455,6,0.2027,0,0.021,90,2.22
L0GDAI7DVGk,DEFEND / 65square Social Event - May 28 /23  - Prize,"May 30, 2023",119,6,0.0078,0,0.002,46,13.04
LVPgbLoZq6k,Workshop week 2 FINAL,,3539,6,0.4978,0,0.061,0,
NHGkh_zB8H4,Mirror errors Jan 6 2025 #2,,420,6,0.1442,0,0.005,0,
T3Umj_LaPwQ,Flutter Scan Clothing   AR   3D   Fill in the gaps,,105,6,0.1072,0,0.001,0,
Vdq_gg2c5wY,aug 28/24 in app purchases error,,263,6,0.096,0,0.018,0,
X0LkGKZFBq4,What Parents NEED TO KNOW: Triller,"Nov 7, 2023",424,6,0.1516,0,0.004,145,1.38
XLb-s5Pgf30,65sqan is unreal! 3D scanning quick and fun!  #3dscanning,"Jun 25, 2024",19,6,0.0196,0,0.001,363,0.55
XtuKxWi5twc,First 10 Minutes On: Anon (Social Media app),"Jun 17, 2022",266,6,0.161,0,0.006,103,3.88
ZuDmo53RLAc,Barely Deceased 1st draft,,610,6,0.5154,0,0.031,0,
dYDJJ4fltTI,bug sep 12 2024,,65,6,0.0483,0,0,0,
gV6V1NlUNzY,Catfish Meant Something Else Back Then...,"Feb 14, 2025",37,6,0.0413,0,0,225,0.44
oTM86JFxV50,65square Demo/Promo (first demo 2021),"May 11, 2021",292,6,0.1582,0,,2,0
sHkQpFc923A,Walk through of DATING SQUARE by @65square_official,"Jun 27, 2023",669,6,0.0683,0,0.013,100,3
tKim1jmgv6A,Fraud Alert: Card Not Present Scams,"Jan 23, 2025",71,6,0.0328,0,0.004,365,1.37
zbb4WX1MqvE,Walkthrough Full Social System Jenna Design April 19 2024,,4345,6,0.0798,0,0.012,0,
0T90yYYzqBE,issues with view profile jun 30,,174,5,0.1173,0,0,6,0
0wFKhsUmGtU,Timer almost working fully!! Oct 28 2024,,147,5,0.1349,0,0.002,1,0
8XYEHVYBLRI,What Parents NEED TO KNOW: Yubo,"Nov 29, 2023",448,5,0.1446,0,0.004,105,1.9
8zPYvq-Sd7Q,"Committee Board Strategic Meeting Dec 1, 2024",,5112,5,0.602,0,0.004,0,
BEToDvAraM8,Magical Movement Tour - a Non-4k Run (Live Stream) HelpUsDefend,"Oct 25, 2021",14336,5,0.0161,0,0,57,5.26
D57vWPIlR1U,What Parents NEED TO KNOW: AI Friends like ChatGPT,"Mar 15, 2024",398,5,0.1396,0,0.119,308,0.97
ERTxYm8cis0,The agent   dark side of the web podcast   FINAL,,476,5,0.1597,0,0.012,0,
ExgFx5v-43w,errors with mustafa's merge nov 24 2024,,288,5,0.1637,0,0.01,0,
Hpmgh6ZaHNc,dark side web titles opening season2,,52,5,0.0795,0,0.02,0,
JI1ASwkPd9U,bugs with game room sep 14 2024,,154,5,0.2468,0,0.002,0,
K8DrrQa8wNg,#love #datingapps #dating #onlinesafety,"Jun 15, 2024",21,5,0.0261,0,0.001,68,1.47
M81PgBtlWz4,Dating Square - thoughts #onlinedating #tinder #65square,"Sep 3, 2023",40,5,0.0261,0,0,311,0.64
OTQ6Hlhhl80,Never say THIS to women on  #datingapps #65square #datingsquare,"Oct 5, 2024",16,5,0.0138,0,0.001,196,1.02
TTjxytxiv2U,What Parents NEED TO KNOW: Ebay,"May 13, 2024",324,5,0.1103,0,,149,0.67
_klT87nwR6U,Pap Squad DRAFT with musical track,,433,5,0.1829,0,0.027,0,
aXhlGNpVL20,Workshop week 4   final,,3633,5,0.3841,0,0.058,0,
atLmWgUht0c,Module 8 - Timer / Logout Feature - Jan 2024 - Dating Square,,562,5,0.794,0,,0,
eUljl13GCeI,Can't Believe How Many CSA Reports Were on SPOTIFY!!,"Jun 14, 2024",561,5,0.3389,0,0.016,578,0.69
gMmkExlaNo4,#date wherever you want in the world with #65square  #onlinesafety,"Dec 26, 2023",34,5,0.0217,0,0,128,0.78
htnTIo1b53s,"October 12, 2024 test of password reset",,22,5,0.5204,0,0.001,1,0
jCzVvI19Trk,Dating Square from 65square - Hidden Profile Pictures— #healthy #socialmedia,"Feb 27, 2023",26,5,0.0207,0,0,212,1.42
leWeA18DbwM,back end team meeting april 2 2025,,3910,5,0.5327,0,0.017,0,
u4RyeycgPF8,user 2 chess sep 2 2024,,157,5,0.137,0,0.002,0,
uSEnKJPsUTc,Reply: RIP Omegle by penguinz0 - Why Omegle SHUT DOWN & WHY you should care!!,"Nov 11, 2023",1214,5,0.119,0,0.019,80,5
zVniXynbnK4,issues remaining with swipe mar 30 2025,,224,5,0.0802,0,0.001,0,
05_AjqjJiZc,"She HACKED him, by calling his phone company!! Social Engineering","May 24, 2024",88,4,0.0724,0,0.003,152,1.32
1QMxfnWSrZg,DEFEND Secretary Position - Creating Meeting Minutes and Agendas - Training,,354,4,0.2963,0,0.009,0,
2Nk7XvxShJc,strategy meeting board committee mar 23 2025,,3313,4,0.2227,0,0.01,0,
3smBQ_KhOYo,FIRST TikTok to STOP Online Predators & FIRST Social Site to STOP them!!,"May 26, 2021",95,4,0.0281,0,,732,0.27
4dOchga0q60,DEFEND / 65square Weekly Amazon Gift Card Giveaways (April 2024),"May 31, 2024",335,4,0.124,0,0.013,175,1.71
4yz60S3h72E,Francis and Abdullah - Update Profile Investigation - april 4 2025,,3754,4,0.8107,0,0.016,0,
6Mt0NuG1zII,28 August 2024 - in app purchases,,38,4,0.0173,0,0.001,1,0
9L84g8KCZ70,Hello child advocates in the UK!!! We want to work with you!!,"May 28, 2025",60,4,0.0255,0,0.006,214,0.93
AVVxByNCR3k,timer nov 3 2024,,314,4,0.167,0,0.007,0,
CdaPwtqfyqQ,36(34) iOS build for IAP,,207,4,0.1515,0,0.002,0,
Cuqw7jUf4a8,flutter walk through Oct 2023 - business app UI development,,2082,4,0.1445,0,,0,
FFrCF1D6x2E,Grading her way to love,,377,4,0.0883,0,0.009,0,
HA6zJdyvijc,DEFEND Contract Signing Calls - Training - HR Team - March 2025,,798,4,0.1614,0,0.018,0,
KnlrpZIIvMY,android oct 2 2024,,260,4,0.0936,0,0.006,0,
M1N7whBKjFs,in app purchases doesnt work aug 24/24,,59,4,0.0566,0,0.001,1,0
NOrtnN8saSU,Bellamy Young from Scandal wants to help DEFEND kids online!!!!!,"Feb 15, 2025",35,4,0.0261,0,0.001,309,0.97
RtPsadf1PaI,Things you didn't hear in 1906 (ASMR),"Jul 1, 2022",273,4,0.0044,0,0.002,45,4.44
SdU9qgoNQcc,CSA Reports on Socials 2023 - Part 1,"May 9, 2024",512,4,0.0603,0,,514,0.58
T22CPvGhm-U,issues with drawing game Aug 4/24,,164,4,0.1544,0,0.01,0,
UfGzkoxvfy8,IAP coins purchases - May 11 2025,,172,4,0.0919,0,0,1,0
Wf2X9evuXRg,#animals #turtles #onlinesafety #helpusdefend,"Jun 10, 2024",9,4,0.0091,0,0,55,1.82
ZjWLSnyiJ3c,"Mirror test January 16, 2025",,351,4,0.175,0,0.004,0,
_AEgrr-bLAU,Sys Admin   Team B   April 3 2025 - System architecture discussion about mirror monitoring,,2733,4,0.0312,0,0.012,0,
_Vs6HJfbSBk,5 TIPS for PREVENTING Back-to-School Shopping Scams,"Sep 15, 2022",132,4,0.0868,0,0.009,84,4.76
aZp8fjxwE4g,Why the #tiktok ban is a good thing but this #cybersecurity risk is alive & well on other platforms,"Jan 17, 2025",61,4,0.0194,0,0,163,0
cgUuBavEkOw,WHY TO AVOID the TikTok DRY SCOOP Challenge - DEFEND's Bite-Sized Bits (#5),"Jul 21, 2021",159,4,0.0622,0,,88,4.55
dybAVnrdfwA,Summary   Instructional   AR Modules Clothing   david Oct 2023,,881,4,0.1714,0,0.063,0,
i0iBomaCiRc,Messages not sending in Blind Match (reason) +,,396,4,0.1508,0,0.005,0,
j5-a1cO4tpk,Post Server Build for Mirror  - Deployment - Sys Admin   Harry   Feb 5 2025,,662,4,0.3374,0,0.067,0,
m_vLceQ550o,What Parents NEED TO KNOW: Cryptocurrency,"Oct 17, 2022",374,4,0.2107,0,0,111,2.7
nG98NyjJSWU,Stupid American #football - 65sqan is now here! #3d #scannerapp,"Apr 18, 2024",21,4,0.0245,0,0,92,1.09
nkptdWtqxs0,A Deep Dive into 65square - with Isilay,"Apr 9, 2023",1751,4,0.2979,0,,111,3.6
nuO3-Yl_Sw8,Board Meeting Dec 8 24,,3665,4,1.3843,0,0.028,0,
py2eLEr_DZw,"How to Setup INSTAGRAM's ""Parent Settings""","Jun 29, 2023",60,4,0.0267,0,,73,5.48
t4TtImwB2tA,Mississauga: Free money is waiting for you!!,"May 17, 2022",27,4,0.0109,0,0,68,1.47
yr4WfRplCZU,Errors with in app purchases oct qt 2024 merged into development,,34,4,0.0288,0,0,1,0
z4C02Bi_4Ns,#zoo #love #gorilla #onlinesafety,"Jun 10, 2024",26,4,0.0119,0,0.001,68,0
00DRXt0Q6Qw,iOS timer testing bugs Oct 22 2024,,221,3,0.0645,0,0.006,0,
0WmfyeN8N0k,DEFEND - Digital Submissions - Community Events - Training,,672,3,0.3785,0,0.015,0,
18hcxJZj3r8,Mirror test sept 17/24,,106,3,0.0423,0,0.003,0,
1RxD0aGB_3U,Retopologizing prep and execution tutorial (For Rigging) - PART 2,,1726,3,0.0442,0,0.009,0,
2JZVIsFvq-k,I want you SO BAD,"Apr 26, 2024",109,3,0.0087,0,,350,0.86
3rOXIUzZInA,Test login 2 jan 19/25,,45,3,0.0362,0,0,1,0
7TUv9F5CaxE,issues sep 29 2024,,543,3,0.1509,0,0.002,0,
7xu0VCZeYkA,error destroying timer panel Dec 25 2024,,165,3,0.0672,0,0,1,0
9JrxSPdV4b4,For the #software #developer #softwareengineer,"Jun 2, 2024",50,3,0.0056,0,0,51,0
ASOcdqTYQ8o,test iap sep 10 2024,,332,3,0.0625,0,0.002,0,
AizJIK2VUnI,iap sept 20 2024,,140,3,0.009,0,,0,
AzjLMVE2b04,profile issues still - april 14 2025,,229,3,0.0818,0,,0,
BpiPvlX5JSk,You DON'T actually want to protect kids online - We know - HelpUsDefend,"Oct 27, 2021",45,3,0.0043,0,,83,3.61
COY9si9Y-Ck,failed db teat for IAP sep 11 2024,,217,3,0.0338,0,,0,
CiqyNXUORwE,What Parents NEED TO KNOW: YouTube (Risks Breakdown),"Oct 1, 2022",282,3,0.0799,0,0.012,117,1.71
EgfDP32S9j0,Learn Unity Game Development for FREE - Help Protect Kids Online,"Apr 12, 2024",39,3,0.0213,0,0.005,109,2.75
FZZsFTxrvWk,missing passport scan page dec 162024,,97,3,1.2367,0,0,1,0
Fj8cXKfhgNI,What do you know about...  CSAM on Facebook?,"Jul 16, 2022",103,3,0.0076,0,,56,5.36
GbXQo4Azgzw,Taryn Manning says THANK YOU hundreds of strangers who want to PROTECT KIDS ONLINE,"Aug 16, 2023",816,3,0.0085,0,0,60,1.67
IDx7U3U0lnQ,Cleveland tests Space Man game inside Dating Square by 65square,"Jun 6, 2024",96,3,0.0269,0,0.001,546,0.55
Jyck05nfrGU,World’s biggest pay phone made with #65sqan by @65square_official #3dscanning,"Jun 20, 2024",36,3,0.0034,0,0,88,0
KeZkgqKHwfQ,Nandini Mapping  Navigation  Unity 2022 3 41f1 - April 3/25,,132,3,0.0218,0,0.002,0,
MIaqkArjnsA,spaceman game explanation,,176,3,0.1002,0,0.008,0,
Nq6lEVgDGuY,What's really being said in the comments on LIVE STREAMS,"Jul 16, 2022",29,3,0.023,0,0.001,125,0
P6fdy0KQ1Is,Test for behaviour in chess / checkers - Collider pieces,,59,3,0.0932,0,0,1,0
PE8_KSoBpz4,Mindfulness in Your Digital Footprint - with Luc,"Aug 10, 2022",95,3,0.0275,0,,81,3.7
QKF5bVzwxsQ,Outstanding issues in edit profile menu may 10 2025,,1336,3,0.4345,1,0.002,0,
QnEVUtRHgUo,If you’re a male under age 25… #onlinedating #tinder #scam #male #car,"Aug 3, 2023",40,3,0.0176,0,,67,4.48
Sg1CZGBzy3A,#fooddelivery #ubereats #onlinesafety,"Jul 8, 2024",41,3,0.0082,0,0,97,1.03
SsYA7rMCpHk,Grandma gets SCAMMED - Dark Side of the Web - Ep. 10 - Podcast - HelpUsDefend,"Jan 23, 2022",547,3,0.0228,0,,52,1.92
TTFKlDru3TY,"How @TylerOliveira is SCAMMING you - Reply to: ""I Investigated the City of Sëggz Offenders…""","Apr 8, 2024",560,3,0.0235,0,0.005,322,0.31
VOoPcMtRlZU,gender and timer Oct 17 2024,,504,3,0.1643,0,,0,
ZeJXwgsFrMg,Business INSIDE 65square - Basic DEMO,"Jan 6, 2022",482,3,0.1207,0,0,730,0.27
ZpkxHVvaQ_Y,65square contract signing call censored sample,,464,3,0.0178,0,0.01,0,
aaNUaLXlZhk,Test 4 - Dec 2 2024 mirror,,874,3,0.1262,0,0.002,0,
aizLX773hFE,groups update dev in unity dec 1 2024,,860,3,0.3235,0,0.002,0,
buov3Mw28Rk,instagram walkthrough final 10mins,,566,3,0.1446,0,0.005,0,
dNtITfU80mA,If you had a magic wand to make dating apps better... #onlinedating,"Oct 4, 2023",58,3,0.0103,0,0,119,1.68
deg8C70y0g4,#china #chinesekungfu #helpusdefend #onlinesafety,"Jan 5, 2024",17,3,0.0096,0,0,89,2.25
iiD7R0YFXpU,errors iap sep 13 2024,,233,3,0.0641,0,0.002,0,
ncjFqk81YJM,Dark Side of the Web - Season 1 Finale - LIVE STREAM w/ cast & crew,"Mar 13, 2022",3052,3,0.1383,0,0.003,535,0.37
ozbuWULvm5E,ios team apr 28 2025,,1339,3,0.262,0,0,0,
trKbX_320NY,Toronto Man - NOT SURPRISED @ CSAM Reports on Facebook - Social Media Taste Test,"Nov 16, 2022",60,3,0.0328,0,,33,9.09
ulWy5TBHS4M,Texas Law: UPHELD!! Age verification on P0RN SITES!!!,"May 1, 2024",503,3,0.0262,0,,133,1.5
uvKxsH4vz8E,Bug brought back - Chatroom UI hanging Dec 9 2024,,303,3,0.0971,0,0.005,0,
vfqfWnIdsqc,"Messages inside business app October 17, 2024",,23,3,0.0191,0,0,1,0
x0EPkaJz0a4,DEFEND & 65square Teams - Weekly Amazon Gift Card Giveaway!!,"Oct 6, 2022",151,3,0.0119,0,0.009,19,10.53
 -JD6O501PSo,Instagram spent $390mil to LURE Kids - We spent $15k to build an AI system to PROTECT kids online,"Dec 9, 2021",117,2,0.0617,0,,47,2.13
 -KHSF4kUbKQ,bug with timer oct 22 2024,,90,2,0.0524,0,0.004,1,0
 -_a2mCRF6LI,oct 27 2024 ben merge errors,,69,2,0.0655,0,,1,0
1LbR7nrKkg8,issues with chess Aug 24/24,,63,2,0.0024,0,0,0,
1YD5kZuV2Vk,bug: back button - Elaine June 7/24,,84,2,0.0544,0,,0,
3AFGeWeq2xo,She’s used ALL the dating apps!,"Nov 28, 2023",57,2,0.0291,0,0,77,1.3
5ERgcUz_NIk,Pap Squad - Draft - Aug 15 2024,,429,2,0.03,0,,0,
5IBeImWoXCc,login test jan 19 2025,,111,2,0.0491,0,0,1,0
5rvcygPKoyo,Showing Privates to a Minor... The Standard Omegle Story - DEFENDshorts,"Dec 7, 2022",81,2,0.0268,0,,86,1.16
5zoDp5DTbS8,Quotes for Parent Workshop - for Marketing Team,,284,2,0.1495,0,0.003,0,
6QCwhKrJ3J0,"May 21, 2021","May 21, 2021",34,2,0.0135,0,0,1,100
8koW9MTTakQ,Jaxson's Yoga Stretches - Healthy Parent | Healthy Ch!ld Series - HelpUsDefend,"Oct 4, 2023",376,2,0.024,0,,60,1.67
